-- 设备关联
INSERT INTO t_machine (machine_id, organization_id, machine_type, machine_sn, roomNum) VALUES ('1', 'MA2AXP9G6', '1', 'H100101762311349', '101');


-- 心电
INSERT INTO t_heart (heart_id, uuid, customer_id, customer_checkin, customer_mobile, nickName, startTime, endTime, sn, url, respiratory, beatNum, maxHeart, avgHeart, minHeart, braNum, tachNum, apbNum, vpcNum) VALUES ('1', '0bfde060-ea87-4134-8dcc-f1784ff9b580', 'customer_001', '2017-01-01 00:00:00', '13111111128', '减肥就空', '2017-01-02 00:00:00', '2017-01-03 00:00:00', 'H100101762311349', 'http://manage.heartbooktech.com:10086/testData/2017/6/22/486c154a3dcc4b65fb9e6e192f8437dc.zip', '0', '739', '257', '72', '35', '16', '1', '273', '3');
INSERT INTO t_heart (heart_id, uuid, customer_id, customer_checkin, customer_mobile, nickName, startTime, endTime, sn, url, respiratory, beatNum, maxHeart, avgHeart, minHeart, braNum, tachNum, apbNum, vpcNum) VALUES ('2', '034d5aba-408e-47e6-ac60-e4cc64241c3f', 'customer_001', '2017-01-01 00:00:00', '13111111128', '减肥就空', '2017-01-03 00:00:00', '2017-01-04 00:00:00', 'H100101762311349', 'http://manage.heartbooktech.com:10086/testData/2017/6/22/486c154a3dcc4b65fb9e6e192f8437dc.zip', '0', '1329', '142', '84', '52', '1', '0', '248', '0');
INSERT INTO t_heart (heart_id, uuid, customer_id, customer_checkin, customer_mobile, nickName, startTime, endTime, sn, url, respiratory, beatNum, maxHeart, avgHeart, minHeart, braNum, tachNum, apbNum, vpcNum) VALUES ('3', '0116952c-6981-4396-9b6a-3fd65e1bb6be', 'customer_001', '2017-01-01 00:00:00', '13111111128', '减肥就空', '2017-01-04 00:00:00', '2017-01-05 00:00:00', 'H100101762311349', 'http://manage.heartbooktech.com:10086/testData/2017/6/22/486c154a3dcc4b65fb9e6e192f8437dc.zip', '0', '370', '181', '66', '45', '0', '0', '21', '4');
INSERT INTO t_heart (heart_id, uuid, customer_id, customer_checkin, customer_mobile, nickName, startTime, endTime, sn, url, respiratory, beatNum, maxHeart, avgHeart, minHeart, braNum, tachNum, apbNum, vpcNum) VALUES ('4', '1bfde060-ea87-4134-8dcc-f1784ff9b580', 'customer_002', '2017-12-15 00:00:00', '13111111128', '减肥就空', '2017-12-15 00:00:00', '2017-12-16 00:00:00', 'H100101762311349', 'http://manage.heartbooktech.com:10086/testData/2017/6/22/486c154a3dcc4b65fb9e6e192f8437dc.zip', '0', '739', '257', '72', '35', '16', '1', '273', '3');
INSERT INTO t_heart (heart_id, uuid, customer_id, customer_checkin, customer_mobile, nickName, startTime, endTime, sn, url, respiratory, beatNum, maxHeart, avgHeart, minHeart, braNum, tachNum, apbNum, vpcNum) VALUES ('5', '134d5aba-408e-47e6-ac60-e4cc64241c3f', 'customer_002', '2017-12-15 00:00:00', '13111111128', '减肥就空', '2017-12-16 00:00:00', '2017-12-17 00:00:00', 'H100101762311349', 'http://manage.heartbooktech.com:10086/testData/2017/6/22/486c154a3dcc4b65fb9e6e192f8437dc.zip', '0', '1329', '142', '84', '52', '1', '0', '248', '0');
INSERT INTO t_heart (heart_id, uuid, customer_id, customer_checkin, customer_mobile, nickName, startTime, endTime, sn, url, respiratory, beatNum, maxHeart, avgHeart, minHeart, braNum, tachNum, apbNum, vpcNum) VALUES ('6', '1116952c-6981-4396-9b6a-3fd65e1bb6be', 'customer_002', '2017-12-15 00:00:00', '13111111128', '减肥就空', '2017-12-18 00:00:00', '2017-12-19 00:00:00', 'H100101762311349', 'http://manage.heartbooktech.com:10086/testData/2017/6/22/486c154a3dcc4b65fb9e6e192f8437dc.zip', '0', '370', '181', '66', '45', '0', '0', '21', '4');


-- 毒素检测
INSERT INTO t_toxin (toxin_id, customer_id, inspection_time, path, expert_opinion, report_area, suggest, food) VALUES ('1', 'customer_001', '2017-04-28 00:00:00', 'test.pdf', '', '<h4 data-v-2614806d=""><strong data-v-2614806d="">RESULTS体内毒素检测的结果 - 张一：</strong></h4><p><br></p><table class="method" width="90%"><tbody><tr><td class="tbTitle" colspan="2">Liquid Chromatography液相色普法<br></td></tr><tr><td class="tdTitle">Sample Type样本类型<br></td><td class="tdTitle">Xenobiotics Detected毒素检测<br></td></tr><tr><td class="tdText"><strong data-v-2614806d="">Hair 头发</strong><br></td><td class="tdValue"><strong><strong data-v-2614806d="">Gentamicin 庆大霉素 <br data-v-2614806d="">Caffeine 咖啡因</strong><br></strong><br></td></tr><tr><td class="tdText"><strong data-v-2614806d="">Fingernails 手指甲</strong><br></td><td class="tdValue"><strong><strong data-v-2614806d="">Gentamicin 庆大霉素 <br data-v-2614806d="">Caffeine 咖啡因</strong><br></strong><br></td></tr></tbody></table><p><br></p><table class="method" width="90%"><tbody><tr><td class="tbTitle" colspan="2">Gas Chromatography/Mass Spectrometry (GC / MS)<br>气相色谱质谱联用<br></td></tr><tr><td class="tdTitle">Sample Type样本类型<br></td><td class="tdTitle">Xenobiotics Detected毒素检测<br></td></tr><tr><td class="tdText"><strong data-v-2614806d="">Hair 头发</strong><br></td><td class="tdValue"><strong><strong data-v-2614806d="">Squalene 鲨烯 <br data-v-2614806d="">3-(4-Chlorophenoxy)-1,2-propanediol</strong><br></strong><br></td></tr><tr><td class="tdText"><strong data-v-2614806d="">Fingernails 手指甲</strong><br></td><td class="tdValue"><strong><strong data-v-2614806d="">Squalene 鲨烯 <br data-v-2614806d="">3-(4-Chlorophenoxy)-1,2-propanediol</strong><br></strong><br></td></tr></tbody></table><p><br></p><table class="abnormal" width="90%"><tbody><tr><td class="tbTitle_Extraordinary">异常项<br></td></tr><tr><td class="tdText"><strong data-v-2614806d="">4-Indol-3-Ylbutyric Acid</strong><br></td></tr><tr><td class="tdText"><strong data-v-2614806d="">2,4-D (Sodium Salt)</strong><br></td></tr></tbody></table><p><br></p><h4 data-v-2614806d=""><strong data-v-2614806d="">EXPERT OPINION专家治疗建议：</strong></h4><p><br></p><p data-v-2614806d="">身体未能完全代谢鲨烯、庆大霉素、和咖啡因。建议检测肝肾排毒功能，肿瘤早期筛查。建议进行人体毒素净化和法国CRAM原细胞疗法来提高细胞更新换代的能力和活力，全面改善人体各项生理机能。</p><p><br></p><h4 data-v-2614806d=""><strong data-v-2614806d="">适宜食物：</strong></h4><p><br></p><ul><li data-v-2614806d="">主食及豆类：大米、小米、粳米、糙米、玉米面、小麦面粉、燕麦、黑 米、黄豆、红豆、黑豆、红薯等米面杂粮、豆制品及薯类是能量、B 族 维生素和食物纤维的主要来源。</li><li data-v-2614806d="">肉蛋奶：猪瘦肉、牛肉、羊肉、牡蛎、青虾、虾皮、鸡蛋、牛奶。</li><li data-v-2614806d="">蔬菜：西红柿、油菜、芹菜、茄子、笋、胡萝卜、毛豆、蘑菇、海带、 发菜、木耳、紫菜、蒜苗、白菜、甜椒等。</li><li data-v-2614806d="">水果：苹果、香蕉、樱桃、葡萄、草莓、橘子等，还有核桃、桂圆肉、 杏仁、花生、芝麻、芝麻酱等。</li></ul><h4 data-v-2614806d=""><strong data-v-2614806d="">RESULTS体内毒素检测的结果 - 张一：</strong></h4><p><br></p><table class="method" width="90%"><tbody><tr><td class="tbTitle" colspan="2">Liquid Chromatography液相色普法<br></td></tr><tr><td class="tdTitle">Sample Type样本类型<br></td><td class="tdTitle">Xenobiotics Detected毒素检测<br></td></tr><tr><td class="tdText"><strong data-v-2614806d="">Hair 头发</strong><br></td><td class="tdValue"><strong><strong data-v-2614806d="">Gentamicin 庆大霉素 <br data-v-2614806d="">Caffeine 咖啡因</strong><br></strong><br></td></tr><tr><td class="tdText"><strong data-v-2614806d="">Fingernails 手指甲</strong><br></td><td class="tdValue"><strong><strong data-v-2614806d="">Gentamicin 庆大霉素 <br data-v-2614806d="">Caffeine 咖啡因</strong><br></strong><br></td></tr></tbody></table><p><br></p><table class="method" width="90%"><tbody><tr><td class="tbTitle" colspan="2">Gas Chromatography/Mass Spectrometry (GC / MS)<br>气相色谱质谱联用<br></td></tr><tr><td class="tdTitle">Sample Type样本类型<br></td><td class="tdTitle">Xenobiotics Detected毒素检测<br></td></tr><tr><td class="tdText"><strong data-v-2614806d="">Hair 头发</strong><br></td><td class="tdValue"><strong><strong data-v-2614806d="">Squalene 鲨烯 <br data-v-2614806d="">3-(4-Chlorophenoxy)-1,2-propanediol</strong><br></strong><br></td></tr><tr><td class="tdText"><strong data-v-2614806d="">Fingernails 手指甲</strong><br></td><td class="tdValue"><strong><strong data-v-2614806d="">Squalene 鲨烯 <br data-v-2614806d="">3-(4-Chlorophenoxy)-1,2-propanediol</strong><br></strong><br></td></tr></tbody></table><p><br></p><table class="abnormal" width="90%"><tbody><tr><td class="tbTitle_Extraordinary">异常项<br></td></tr><tr><td class="tdText"><strong data-v-2614806d="">4-Indol-3-Ylbutyric Acid</strong><br></td></tr><tr><td class="tdText"><strong data-v-2614806d="">2,4-D (Sodium Salt)</strong><br></td></tr></tbody></table><p><br></p><h4 data-v-2614806d=""><strong data-v-2614806d="">EXPERT OPINION专家治疗建议：</strong></h4><p><br></p><p data-v-2614806d="">身体未能完全代谢鲨烯、庆大霉素、和咖啡因。建议检测肝肾排毒功能，肿瘤早期筛查。建议进行人体毒素净化和法国CRAM原细胞疗法来提高细胞更新换代的能力和活力，全面改善人体各项生理机能。</p><p><br></p><h4 data-v-2614806d=""><strong data-v-2614806d="">适宜食物：</strong></h4><p><br></p><ul><li data-v-2614806d="">主食及豆类：大米、小米、粳米、糙米、玉米面、小麦面粉、燕麦、黑 米、黄豆、红豆、黑豆、红薯等米面杂粮、豆制品及薯类是能量、B 族 维生素和食物纤维的主要来源。</li><li data-v-2614806d="">肉蛋奶：猪瘦肉、牛肉、羊肉、牡蛎、青虾、虾皮、鸡蛋、牛奶。</li><li data-v-2614806d="">蔬菜：西红柿、油菜、芹菜、茄子、笋、胡萝卜、毛豆、蘑菇、海带、 发菜、木耳、紫菜、蒜苗、白菜、甜椒等。</li><li data-v-2614806d="">水果：苹果、香蕉、樱桃、葡萄、草莓、橘子等，还有核桃、桂圆肉、 杏仁、花生、芝麻、芝麻酱等。</li></ul>', '20180314 suggest', '20180314');
INSERT INTO t_toxin (toxin_id, customer_id, inspection_time, path, expert_opinion, report_area, suggest, food) VALUES ('2', 'customer_002', '2017-04-28 00:00:00', 'test.pdf', '', '<h4 data-v-2614806d=""><strong data-v-2614806d="">RESULTS体内毒素检测的结果 - 张二：</strong></h4><p><br></p><table class="method" width="90%"><tbody><tr><td class="tbTitle" colspan="2">Liquid Chromatography液相色普法<br></td></tr><tr><t...', '', '');
INSERT INTO t_toxin (toxin_id, customer_id, inspection_time, path, expert_opinion, report_area, suggest, food) VALUES ('3', 'customer_003', '2017-04-28 00:00:00', 'test.pdf', '', '<h4 data-v-2614806d=""><strong data-v-2614806d="">RESULTS体内毒素检测的结果 - 张三：</strong></h4><p><br></p><table class="method" width="90%"><tbody><tr><td class="tbTitle" colspan="2">Liquid Chromatography液相色普法<br></td></tr><tr><t...', '', '');
INSERT INTO t_toxin (toxin_id, customer_id, inspection_time, path, expert_opinion, report_area, suggest, food) VALUES ('4', 'customer_004', '2017-04-28 00:00:00', 'test.pdf', '', '<h4 data-v-2614806d=""><strong data-v-2614806d="">RESULTS体内毒素检测的结果 - 张四：</strong></h4><p><br></p><table class="method" width="90%"><tbody><tr><td class="tbTitle" colspan="2">Liquid Chromatography液相色普法<br></td></tr><tr><t...', '', '');
INSERT INTO t_toxin (toxin_id, customer_id, inspection_time, path, expert_opinion, report_area, suggest, food) VALUES ('13', 'customer_005', '2018-03-12 14:37:54', 'test.pdf', '', '<table class="method" width="90%"><tbody><tr><td class="tbTitle" colspan="2">method1</td></tr><tr><td class="tdTitle">Sample Type样本类型</td><td class="tdTitle">Xenobiotics Detected毒素检测</td></tr><tr><td class="tdText">test1</td><td class="td...', 'aa', 'bb');
INSERT INTO t_toxin (toxin_id, customer_id, inspection_time, path, expert_opinion, report_area, suggest, food) VALUES ('14', 'customer_006', '2018-03-12 14:44:20', 'test.pdf', '', '<table class="method" width="90%"><tbody><tr><td class="tbTitle" colspan="2">method</td></tr><tr><td class="tdTitle">Sample Type样本类型</td><td class="tdTitle">Xenobiotics Detected毒素检测</td></tr><tr><td class="tdText">test1</td><td class="tdV...', 'hahhahhahahha', '小米，黑米');


-- 太空舱检测报告
INSERT INTO t_spacecapsule (spacecapsule_id, customer_id, customer_checkin, report_id, machine_sn, start_time, end_time) VALUES ('1', 'customer_001', '2017-01-01 00:00:00', '1', '1', '2017-01-01 00:00:00', '2017-01-02 00:00:00');
INSERT INTO t_spacecapsule (spacecapsule_id, customer_id, customer_checkin, report_id, machine_sn, start_time, end_time) VALUES ('2', 'customer_002', '2017-12-15 10:53:18', '1', '1', '2017-12-16 00:00:00', '2017-11-17 00:00:00');


-- 超声检查报告
INSERT INTO t_physical_ultrasound (ultrasound_id, customer_id, inspection_time, clinical_diagnosis, checkpoint, ul_description, ul_tip) VALUES ('1', 'customer_001', '2017-01-01 00:00:00', '心悸', '甲状腺、甲状旁腺、颈部', '甲状腺：甲状腺右侧叶12mm×limm,左侧叶limmX10mm,峡部2mm，形态正常，左侧叶内可见一局限性无回声，大小6mm×4mm,形态规则，边缘清楚，内部可见斑点状强回声附着；CDFI检查显示内部血流未见明显异常。余腺体内回声及血流未见明显异常。      甲状旁腺：双侧甲状旁腺区未见明显局限性异常回声。    颈部：双侧颈部软组织内可见数个结节状回声，右侧较大者13mm×5mm，左侧较大者10mm×5mrn，形态规则，边界清楚，内部回声均匀，可见淋巴门结构：CDFI检查内部未见明显异常血流。甲状腺：甲状腺右侧叶12mm×limm,左侧叶limmX10mm,峡部2mm，形态正常，左侧叶内可见一局限性无回声，大小6mm×4mm,形态规则，边缘清楚，内部可见斑点状强回声附着；CDFI检查显示内部血流未见明显异常。余腺体内回声及血流未见明显异常。      甲状旁腺：双侧甲状旁腺区未见明显局限性异常回声。    颈部：双侧颈部软组织内可见数个结节状回声，右侧较大者13mm×5mm，左侧较大者10mm×5mrn，形态规则，边界清楚，内部回声均匀，可见淋巴门结构：CDFI检查内部未见明显异常血流。', '甲状腺左侧叶胶质结节可能，Ti RadsII级，建议定期检查。');
INSERT INTO t_physical_ultrasound (ultrasound_id, customer_id, inspection_time, clinical_diagnosis, checkpoint, ul_description, ul_tip) VALUES ('2', 'customer_002', '2017-02-01 00:00:00', '心悸', '甲状腺、甲状旁腺', '甲状腺：甲状腺右侧叶12mm×limm,左侧叶limmX10mm,峡部2mm，形态正常，左侧叶内可见一局限性无回声，大小6mm×4mm,形态规则，边缘清楚，内部可见斑点状强回声附着；CDFI检查显示内部血流未见明显异常。余腺体内回声及血流未见明显异常。      甲状旁腺：双侧甲状旁腺区未见明显局限性异常回声。    颈部：双侧颈部软组织内可见数个结节状回声，右侧较大者13mm×5mm，左侧较大者10mm×5mrn，形态规则，边界清楚，内部回声均匀，可见淋巴门结构：CDFI检查内部未见明显异常血流。甲状腺：甲状腺右侧叶12mm×limm,左侧叶limmX10mm,峡部2mm，形态正常，左侧叶内可见一局限性无回声，大小6mm×4mm,形态规则，边缘清楚，内部可见斑点状强回声附着；CDFI检查显示内部血流未见明显异常。余腺体内回声及血流未见明显异常。      甲状旁腺：双侧甲状旁腺区未见明显局限性异常回声。    颈部：双侧颈部软组织内可见数个结节状回声，右侧较大者13mm×5mm，左侧较大者10mm×5mrn，形态规则，边界清楚，内部回声均匀，可见淋巴门结构：CDFI检查内部未见明显异常血流。', '甲状腺左侧叶胶质结节可能，Ti RadsII级，建议定期检查。');
INSERT INTO t_physical_ultrasound (ultrasound_id, customer_id, inspection_time, clinical_diagnosis, checkpoint, ul_description, ul_tip) VALUES ('3', 'customer_001', '2017-05-01 00:00:00', '心悸3', '甲状腺、甲状旁腺、颈部', '甲状腺：甲状腺右侧叶12mm×limm,左侧叶limmX10mm,峡部2mm，形态正常，左侧叶内可见一局限性无回声，大小6mm×4mm,形态规则，边缘清楚，内部可见斑点状强回声附着；CDFI检查显示内部血流未见明显异常。余腺体内回声及血流未见明显异常。      甲状旁腺：双侧甲状旁腺区未见明显局限性异常回声。    颈部：双侧颈部软组织内可见数个结节状回声，右侧较大者13mm×5mm，左侧较大者10mm×5mrn，形态规则，边界清楚，内部回声均匀，可见淋巴门结构：CDFI检查内部未见明显异常血流。甲状腺：甲状腺右侧叶12mm×limm,左侧叶limmX10mm,峡部2mm，形态正常，左侧叶内可见一局限性无回声，大小6mm×4mm,形态规则，边缘清楚，内部可见斑点状强回声附着；CDFI检查显示内部血流未见明显异常。余腺体内回声及血流未见明显异常。      甲状旁腺：双侧甲状旁腺区未见明显局限性异常回声。    颈部：双侧颈部软组织内可见数个结节状回声，右侧较大者13mm×5mm，左侧较大者10mm×5mrn，形态规则，边界清楚，内部回声均匀，可见淋巴门结构：CDFI检查内部未见明显异常血流。', '甲状腺左侧叶胶质结节可能，Ti RadsII级，建议定期检查。');


-- 血液检验报告
INSERT INTO t_physical_blood (blood_id, customer_id, inspection_time, clinical_diagnosis, bl_specimen, bl_condition, tbil, dbil, ibil, tg, chol, hdl_ch, ldl_ch, alt, ast, alt_ast, alp, ldh, tp, alb, ggt, glob, a_g, tbil_method, dbil_method, ibil_method, tg_method, chol_method, hdl_ch_method, ldl_ch_method, alt_method, ast_method, alt_ast_method, alp_method, ldh_method, tp_method, alb_method, ggt_method, glob_method, a_g_method) VALUES ('1', 'customer_001', '2017-01-01 00:00:00', '体检', '血清', '无肉眼可见异常', '6.9', '2.9', '4.0', '1.70', '3.79', '1.22', '2.31', '19', '16', '0.84', '52', '165', '70.5', '41.4', '11', '29.1', '1.4', '重氢法', '重氢法', '计算法', '酶法', '胆固醇氧化酶法', '直接法', '直接法', '速率法', '速率法', '计算法', '速率法', '速率法', '双索腺法', 'BCG法', '速率法', '计算法', '计算法');
INSERT INTO t_physical_blood (blood_id, customer_id, inspection_time, clinical_diagnosis, bl_specimen, bl_condition, tbil, dbil, ibil, tg, chol, hdl_ch, ldl_ch, alt, ast, alt_ast, alp, ldh, tp, alb, ggt, glob, a_g, tbil_method, dbil_method, ibil_method, tg_method, chol_method, hdl_ch_method, ldl_ch_method, alt_method, ast_method, alt_ast_method, alp_method, ldh_method, tp_method, alb_method, ggt_method, glob_method, a_g_method) VALUES ('2', 'customer_002', '2017-02-01 00:00:00', '体检2', '血清', '无肉眼可见异常', '7.0', '2.9', '4.0', '1.70', '3.79', '1.22', '2.31', '19', '16', '0.84', '52', '165', '70.5', '41.4', '11', '29.1', '1.4', '重氢法', '重氢法', '计算法', '酶法', '胆固醇氧化酶法', '直接法', '直接法', '速率法', '速率法', '计算法', '速率法', '速率法', '双索腺法', 'BCG法', '速率法', '计算法', '计算法');
INSERT INTO t_physical_blood (blood_id, customer_id, inspection_time, clinical_diagnosis, bl_specimen, bl_condition, tbil, dbil, ibil, tg, chol, hdl_ch, ldl_ch, alt, ast, alt_ast, alp, ldh, tp, alb, ggt, glob, a_g, tbil_method, dbil_method, ibil_method, tg_method, chol_method, hdl_ch_method, ldl_ch_method, alt_method, ast_method, alt_ast_method, alp_method, ldh_method, tp_method, alb_method, ggt_method, glob_method, a_g_method) VALUES ('3', 'customer_001', '2017-04-01 00:00:00', '体检3', '血清', '肉眼可见异常', '6.9', '2.9', '4.0', '1.70', '3.79', '1.22', '2.31', '19', '16', '0.84', '52', '165', '70.5', '41.4', '11', '29.1', '1.4', '重氢法', '重氢法', '计算法', '酶法', '胆固醇氧化酶法', '直接法', '直接法', '速率法', '速率法', '计算法', '速率法', '速率法', '双索腺法', 'BCG法', '速率法', '计算法', '计算法');


-- 尿液检验报告
INSERT INTO t_urine (urine_id, customer_id, inspection_time, pro, bld, nit, glu, ket) VALUES ('1', 'customer_001', '2017-02-01 00:00:00', '1+', '阴性', '阴性', '阴性', '阴性');
INSERT INTO t_urine (urine_id, customer_id, inspection_time, pro, bld, nit, glu, ket) VALUES ('2', 'customer_002', '2017-02-01 00:00:00', '2+', '阴性', '阴性', '阳性', '阴性');
INSERT INTO t_urine (urine_id, customer_id, inspection_time, pro, bld, nit, glu, ket) VALUES ('3', 'customer_001', '2017-05-01 00:00:00', '1+', '阳性', '阴性', '阴性', '阴性');


-- 毒素检测_异常项目
INSERT INTO t_toxin_abnormal (toxin_abnormalId, toxin_id, result) VALUES ('28', '14', 'abnormal 1');
INSERT INTO t_toxin_abnormal (toxin_abnormalId, toxin_id, result) VALUES ('29', '14', 'abnormal 2');
INSERT INTO t_toxin_abnormal (toxin_abnormalId, toxin_id, result) VALUES ('38', '1', '4-Indol-3-Ylbutyric Acid');
INSERT INTO t_toxin_abnormal (toxin_abnormalId, toxin_id, result) VALUES ('39', '1', '2,4-D (Sodium Salt)');
INSERT INTO t_toxin_abnormal (toxin_abnormalId, toxin_id, result) VALUES ('40', '1', 'abnormal 7');
INSERT INTO t_toxin_abnormal (toxin_abnormalId, toxin_id, result) VALUES ('41', '1', 'abnormal 8');


-- 毒素检测_详细
INSERT INTO t_toxin_detected (toxin_detailId, toxin_id, method, sample_type, xenobiotics_detected) VALUES ('58', '14', 'method', 'test1', 'result1');
INSERT INTO t_toxin_detected (toxin_detailId, toxin_id, method, sample_type, xenobiotics_detected) VALUES ('59', '14', 'method', 'test2', 'result 2');
INSERT INTO t_toxin_detected (toxin_detailId, toxin_id, method, sample_type, xenobiotics_detected) VALUES ('68', '1', 'Liquid Chromatography液相色普法', 'Hair 头发', 'Gentamicin 庆大霉素 Caffeine 咖啡因');
INSERT INTO t_toxin_detected (toxin_detailId, toxin_id, method, sample_type, xenobiotics_detected) VALUES ('69', '1', 'Liquid Chromatography液相色普法test3', 'result3', 'result 3');
INSERT INTO t_toxin_detected (toxin_detailId, toxin_id, method, sample_type, xenobiotics_detected) VALUES ('70', '1', 'Gas Chromatography/Mass Spectrometry (GC / MS)  气相色谱质谱联用', '气相色谱质谱联用气相色谱质谱联用', 'Squalene 鲨烯   3-(4-Chlorophenoxy)-1,2-propanediol  Squalene 鲨烯   3-(4-Chlorophenoxy)-1,2-propanediol  ');
INSERT INTO t_toxin_detected (toxin_detailId, toxin_id, method, sample_type, xenobiotics_detected) VALUES ('71', '1', 'Gas Chromatography/Mass Spectrometry (GC / MS)  气相色谱质谱联用', 'test4', 'result4');


